sample id	Tube number	Project	Barcode Plate	Location on master plate	barcode number	barcode
B1.VR.D3.R1		Mandavi	BC1	A1	1	TCCCTTGTCTCCCCGTAAAACGACGGCCAG
B2.VR.D3.R1		Mandavi	BC1	B1	13	TGCATACACTGGCCGTAAAACGACGGCCAG
B3.VR.D3.R1		Mandavi	BC1	C1	25	GCGATATATCGCCCGTAAAACGACGGCCAG
B1.PW.VR.D4		Mandavi	BC1	D1	37	CACTACGCTAGACCGTAAAACGACGGCCAG
B1.CHE.MJ.D5		Mandavi	BC1	E1	49	TACTACGTGGCCCCGTAAAACGACGGCCAG
CLEAN.SW.MJ.D5		Mandavi	BC1	F1	61	CGGTCAATTGACCCGTAAAACGACGGCCAG
SUMP1.SW		Mandavi	BC1	G1	73	GGTGACTAGTTCCCGTAAAACGACGGCCAG
SUMP2.SW		Mandavi	BC1	H1	85	CGTAAGATGCCTCCGTAAAACGACGGCCAG
SUMP3.SW		Mandavi	BC1	A2	2	ACGAGACTGATTCCGTAAAACGACGGCCAG
EXT.CNTRL		Mandavi	BC1	B2	14	AGTCGAACGAGGCCGTAAAACGACGGCCAG
CPM1.ZYMO		ConePool	BC1	C2	26	CGAGCAATCCTACCGTAAAACGACGGCCAG
CPM2.ZYMO		ConePool	BC1	D2	38	TGCAGTCCTCGACCGTAAAACGACGGCCAG
CPM3.ZYMO		ConePool	BC1	E2	50	GGCCAGTTCCTACCGTAAAACGACGGCCAG
CPM4.ZYMO		ConePool	BC1	F2	62	GTGGAGTCTCATCCGTAAAACGACGGCCAG
CPM5.ZYMO		ConePool	BC1	G2	74	ATGGGTTCCGTCCCGTAAAACGACGGCCAG
CPM6.ZYMO		ConePool	BC1	H2	86	GCGTTCTAGCTGCCGTAAAACGACGGCCAG
CPM1.HB		ConePool	BC1	A3	3	GCTGTACGGATTCCGTAAAACGACGGCCAG
CPM2.HB		ConePool	BC1	B3	15	ACCAGTGACTCACCGTAAAACGACGGCCAG
CPM3.HB		ConePool	BC1	C3	27	AGTCGTGCACATCCGTAAAACGACGGCCAG
CPM4.HB		ConePool	BC1	D3	39	ACCATAGCTCCGCCGTAAAACGACGGCCAG
CPM5.HB		ConePool	BC1	E3	51	GATGTTCGCTAGCCGTAAAACGACGGCCAG
CPM6.HB		ConePool	BC1	F3	63	GCTCGAAGATTCCCGTAAAACGACGGCCAG
CPM.ML.2.2		ConePool	BC1	G3	75	TAGGCATGCTTGCCGTAAAACGACGGCCAG
CPM.ML.2.1		ConePool	BC1	H3	87	GTTGTTCTGGGACCGTAAAACGACGGCCAG
CPM.ML.1.1		ConePool	BC1	A4	4	ATCACCAGGTGTCCGTAAAACGACGGCCAG
CPM.ML.1.2		ConePool	BC1	B4	16	GAATACCAAGTCCCGTAAAACGACGGCCAG
CP2.ML.3.2		ConePool	BC1	C4	28	GTATCTGCGCGTCCGTAAAACGACGGCCAG
CPM.ML.3.2		ConePool	BC1	D4	40	TCGACATCTCTTCCGTAAAACGACGGCCAG
CPM.ML.3.1		ConePool	BC1	E4	52	CTATCTCCTGTCCCGTAAAACGACGGCCAG
CP3.BRAD		ConePool	BC1	F4	64	AGGCTTACGTGTCCGTAAAACGACGGCCAG
CP2.BRAD		ConePool	BC1	G4	76	AACTAGTTCAGGCCGTAAAACGACGGCCAG
CP1.BRAD		ConePool	BC1	H4	88	GGACTTCCAGCTCCGTAAAACGACGGCCAG
CP.DARK		ConePool	BC1	A5	5	TGGTCAACGATACCGTAAAACGACGGCCAG
CP2.ML.1.2		ConePool	BC1	B5	17	GTAGATCGTGTACCGTAAAACGACGGCCAG
CP2.ML.1.1		ConePool	BC1	C5	29	CGAGGGAAAGTCCCGTAAAACGACGGCCAG
CP2.DL.1.1		ConePool	BC1	D5	41	GAACACTTTGGACCGTAAAACGACGGCCAG
CP2.DL.1.2		ConePool	BC1	E5	53	ACTCACAGGAATCCGTAAAACGACGGCCAG
CP2.ML.3.1		ConePool	BC1	F5	65	TCTCTACCACTCCCGTAAAACGACGGCCAG
CP2.ML.2.2		ConePool	BC1	G5	77	ATTCTGCCGAAGCCGTAAAACGACGGCCAG
CP2.ML.2.1		ConePool	BC1	H5	89	CTCACAACCGTGCCGTAAAACGACGGCCAG
CP2.3.BRAD		ConePool	BC1	A6	6	ATCGCACAGTAACCGTAAAACGACGGCCAG
CP2.2.BRAD		ConePool	BC1	B6	18	TAACGTGTGTGCCCGTAAAACGACGGCCAG
CP2.1.BRAD		ConePool	BC1	C6	30	CAAATTCGGGATCCGTAAAACGACGGCCAG
CP2.DARK		ConePool	BC1	D6	42	GAGCCATCTGTACCGTAAAACGACGGCCAG
CP2.LIGHT		ConePool	BC1	E6	54	ATGATGAGCCTCCCGTAAAACGACGGCCAG
CP.LIGHT.DNA		ConePool	BC1	F6	66	ACTTCCAACTTCCCGTAAAACGACGGCCAG
MT.47W		Mia.Tuccillo	BC1	G6	78	AGCATGTCCCGTCCGTAAAACGACGGCCAG
MT.50W.MOSS		Mia.Tuccillo	BC1	H6	90	CTGCTATTCCTCCCGTAAAACGACGGCCAG
MT.50W		Mia.Tuccillo	BC1	A7	7	GTCGTGTAGCCTCCGTAAAACGACGGCCAG
MT.7		Mia.Tuccillo	BC1	B7	19	CATTATGGCGTGCCGTAAAACGACGGCCAG
MT.51E		Mia.Tuccillo	BC1	C7	31	AGATTGACCAACCCGTAAAACGACGGCCAG
MT.44W		Mia.Tuccillo	BC1	D7	43	TTGGGTACACGTCCGTAAAACGACGGCCAG
MT.45E		Mia.Tuccillo	BC1	E7	55	GTCGACAGAGGACCGTAAAACGACGGCCAG
MT.3W		Mia.Tuccillo	BC1	F7	67	CTCACCTAGGAACCGTAAAACGACGGCCAG
MT.28		Mia.Tuccillo	BC1	G7	79	GTACGATATGACCCGTAAAACGACGGCCAG
MT.42E		Mia.Tuccillo	BC1	H7	91	ATGTCACCGCTGCCGTAAAACGACGGCCAG
MT.19W		Mia.Tuccillo	BC1	A8	8	AGCGGAGGTTAGCCGTAAAACGACGGCCAG
MT.41E		Mia.Tuccillo	BC1	B8	20	CCAATACGCCTGCCGTAAAACGACGGCCAG
MT.29E		Mia.Tuccillo	BC1	C8	32	AGTTACGAGCTACCGTAAAACGACGGCCAG
MT.26E		Mia.Tuccillo	BC1	D8	44	AAGGCGCTCCTTCCGTAAAACGACGGCCAG
MT.14		Mia.Tuccillo	BC1	E8	56	TGTCGCAAATAGCCGTAAAACGACGGCCAG
MT.32W		Mia.Tuccillo	BC1	F8	68	GTGTTGTCGTGCCCGTAAAACGACGGCCAG
MT.18E		Mia.Tuccillo	BC1	G8	80	GTGGTGGTTTCCCCGTAAAACGACGGCCAG
MT.1E		Mia.Tuccillo	BC1	H8	92	TGTAACGCCGATCCGTAAAACGACGGCCAG
MT.38W		Mia.Tuccillo	BC1	A9	9	ATCCTTTGGTTCCCGTAAAACGACGGCCAG
MT.36W		Mia.Tuccillo	BC1	B9	21	GATCTGCGATCCCCGTAAAACGACGGCCAG
MT.25E		Mia.Tuccillo	BC1	C9	33	GCATATGCACTGCCGTAAAACGACGGCCAG
MT.12E		Mia.Tuccillo	BC1	D9	45	TAATACGGATCGCCGTAAAACGACGGCCAG
MT.STVX		Mia.Tuccillo	BC1	E9	57	CATCCCTCTACTCCGTAAAACGACGGCCAG
MT.BUFF		Mia.Tuccillo	BC1	F9	69	CCACAGATCGATCCGTAAAACGACGGCCAG
ECOLI.POS		Mia.Tuccillo	BC1	G9	81	TAGTATGCGCAACCGTAAAACGACGGCCAG
PCR.NEG		Mia.Tuccillo	BC1	H9	93	AGCAGAACATCTCCGTAAAACGACGGCCAG
CW.CC.01.24.1	1	MammothCave.09.24	BC2	A1	97	TACCGCTTCTTCCCGTAAAACGACGGCCAG
CW.CC.02.24.1	2	MammothCave.09.24	BC2	B1	109	GCACACCTGATACCGTAAAACGACGGCCAG
CW.CC.03.24.4	3	MammothCave.09.24	BC2	C1	121	AGTAGCGGAAGACCGTAAAACGACGGCCAG
CW.CC.04.24.1	4	MammothCave.09.24	BC2	D1	133	TCCTCGAGCGATCCGTAAAACGACGGCCAG
VD.CC.01.24.4	5	MammothCave.09.24	BC2	E1	145	TTAGAGCCATGCCCGTAAAACGACGGCCAG
VD.CC.02.24.1	6	MammothCave.09.24	BC2	F1	157	TCGTGCGTGTTGCCGTAAAACGACGGCCAG
CD.CC.01.24.4	7	MammothCave.09.24	BC2	G1	169	TTAAGACAGTCGCCGTAAAACGACGGCCAG
CD.CC.02.24.1	8	MammothCave.09.24	BC2	H1	181	GTGCAACCAATCCCGTAAAACGACGGCCAG
AP.CC.02.24.4	9	MammothCave.09.24	BC2	A2	98	TGTGCGATAACACCGTAAAACGACGGCCAG
AP.CC.02.24.1	10	MammothCave.09.24	BC2	B2	110	GCGACAATTACACCGTAAAACGACGGCCAG
CS.CC.01.24.1	11	MammothCave.09.24	BC2	C2	122	GCAATTAGGTACCCGTAAAACGACGGCCAG
MC.CC.01.24.1	12	MammothCave.09.24	BC2	D2	134	ACCCAAGCGTTACCGTAAAACGACGGCCAG
EN.CC.02.24.1	13	MammothCave.09.24	BC2	E2	146	TGAACCCTATGGCCGTAAAACGACGGCCAG
PP.CC.01.24.1	14	MammothCave.09.24	BC2	F2	158	GTTATCGCATGGCCGTAAAACGACGGCCAG
EPCG.GA7.RAO	15	MammothCave.09.24	BC2	G2	170	TCTGCACTGAGCCCGTAAAACGACGGCCAG
ETWR.530.RAO	16	MammothCave.09.24	BC2	H2	182	GCTTGAGCTTGACCGTAAAACGACGGCCAG
MV.MC.02.24.1	17	MammothCave.09.24	BC2	A3	99	GATTATCGACGACCGTAAAACGACGGCCAG
LG.OC.02.24.3	18	MammothCave.09.24	BC2	B3	111	TCATGCTCCATTCCGTAAAACGACGGCCAG
EN.OC.03.24.1	19	MammothCave.09.24	BC2	C3	123	CATACCGTGAGTCCGTAAAACGACGGCCAG
EN.OC.01.24.1	20	MammothCave.09.24	BC2	D3	135	TGCAGCAAGATTCCGTAAAACGACGGCCAG
GP.MC.01.24.1	21	MammothCave.09.24	BC2	E3	147	AGAGTCTTGCCACCGTAAAACGACGGCCAG
EG.MC.01.24.1	22	MammothCave.09.24	BC2	F3	159	GATCACGAGAGGCCGTAAAACGACGGCCAG
MV.MC.01.24.4	23	MammothCave.09.24	BC2	G3	171	CGCAGATTAGTACCGTAAAACGACGGCCAG
EN.OC.02.24.1	24	MammothCave.09.24	BC2	H3	183	CGCTGTGGATTACCGTAAAACGACGGCCAG
S2.MC.02.24.1	25	MammothCave.09.24	BC2	A4	100	GCCTAGCCCAATCCGTAAAACGACGGCCAG
LG.0C.01.24.1	26	MammothCave.09.24	BC2	B4	112	AGCTGTCAAGCTCCGTAAAACGACGGCCAG
MA.MC.01.24.1	27	MammothCave.09.24	BC2	C4	124	ATGTGTGTAGACCCGTAAAACGACGGCCAG
GR.OC.01.24.4	28	MammothCave.09.24	BC2	D4	136	AGCAACATTGCACCGTAAAACGACGGCCAG
GP.MC.02.24.1	29	MammothCave.09.24	BC2	E4	148	ACAACACTCCGACCGTAAAACGACGGCCAG
S2.MC.03.24.4	30	MammothCave.09.24	BC2	F4	160	GTAAATTCAGGCCCGTAAAACGACGGCCAG
S2.MC.01.24.4	31	MammothCave.09.24	BC2	G4	172	TGGGTCCCACATCCGTAAAACGACGGCCAG
EN.OC.01.24.5	32	MammothCave.09.24	BC2	H4	184	CTGTCAGTGACCCCGTAAAACGACGGCCAG
MP.MC.01.24.1	33	MammothCave.09.24	BC2	A5	101	GATGTATGTGGTCCGTAAAACGACGGCCAG
EG.MC.02.24.1	34	MammothCave.09.24	BC2	B5	113	GAGAGCAACAGACCGTAAAACGACGGCCAG
AP.CC.01.24.2	35	MammothCave.09.24	BC2	C5	125	CCTGCGAAGTATCCGTAAAACGACGGCCAG
MD.MC.02.24.1	36	MammothCave.09.24	BC2	D5	137	GATGTGGTGTTACCGTAAAACGACGGCCAG
OB.MC.01.24.1	37	MammothCave.09.24	BC2	E5	149	CGATGCTGTTGACCGTAAAACGACGGCCAG
GA.MC.01.24.1	38	MammothCave.09.24	BC2	F5	161	AGTGTTTCGGACCCGTAAAACGACGGCCAG
AD.MC.03.24.1	39	MammothCave.09.24	BC2	G5	173	CACTGGTGCATACCGTAAAACGACGGCCAG
BS.MC.02.24.1	40	MammothCave.09.24	BC2	H5	185	ACGATTCGAGTCCCGTAAAACGACGGCCAG
MD.MC.01.24.4	41	MammothCave.09.24	BC2	A6	102	ACTCCTTGTGTTCCGTAAAACGACGGCCAG
GZ.MC.03.24.5	42	MammothCave.09.24	BC2	B6	114	TACTCGGGAACTCCGTAAAACGACGGCCAG
AD.MC.04.24.1	43	MammothCave.09.24	BC2	C6	126	TTCTCTCGACATCCGTAAAACGACGGCCAG
GZ.MC.05.24.1	44	MammothCave.09.24	BC2	D6	138	CAGAAATGTGTCCCGTAAAACGACGGCCAG
MD.MC.01.24.5	45	MammothCave.09.24	BC2	E6	150	ACGACTGCATAACCGTAAAACGACGGCCAG
GZ.MC.01.24.1	46	MammothCave.09.24	BC2	F6	162	ACACGCGGTTTACCGTAAAACGACGGCCAG
GZ.MC.04.24.1	47	MammothCave.09.24	BC2	G6	174	AACGTAGGCTCTCCGTAAAACGACGGCCAG
GZ.MC.03.24.2	48	MammothCave.09.24	BC2	H6	186	GGTTCGGTCCATCCGTAAAACGACGGCCAG
CX.GO.04.24.S	49	MammothCave.09.24	BC2	A7	103	GTCACGGACATTCCGTAAAACGACGGCCAG
EA.GO.02.24.1	50	MammothCave.09.24	BC2	B7	115	CGTGCTTAGGCTCCGTAAAACGACGGCCAG
AD.MC.02.24.1	51	MammothCave.09.24	BC2	C7	127	GCTCTCCGTAGACCGTAAAACGACGGCCAG
ED.GO.02.24.1	52	MammothCave.09.24	BC2	D7	139	GTAGAGGTAGAGCCGTAAAACGACGGCCAG
MD.MC.01.24.3	53	MammothCave.09.24	BC2	E7	151	ACGCGAACTAATCCGTAAAACGACGGCCAG
BS.MC.01.24.1	54	MammothCave.09.24	BC2	F7	163	TGGCAAATCTAGCCGTAAAACGACGGCCAG
EA.GO.05.24.1	55	MammothCave.09.24	BC2	G7	175	AGTTGTAGTCCGCCGTAAAACGACGGCCAG
GZ.MC.02.24.1	56	MammothCave.09.24	BC2	H7	187	CTGATCCATCTTCCGTAAAACGACGGCCAG
CX.GO.01.24.S	57	MammothCave.09.24	BC2	A8	104	GCGAGCGAAGTACCGTAAAACGACGGCCAG
EA.GO.06.24.2	58	MammothCave.09.24	BC2	B8	116	TACCGAAGGTATCCGTAAAACGACGGCCAG
EA.GO.01.24.1	59	MammothCave.09.24	BC2	C8	128	GTTAAGCTGACCCCGTAAAACGACGGCCAG
CX.GO.01.24.W	60	MammothCave.09.24	BC2	D8	140	CGTGATCCGCTACCGTAAAACGACGGCCAG
CX.GO.01.24.M	61	MammothCave.09.24	BC2	E8	152	AGCTATGTATGGCCGTAAAACGACGGCCAG
CX.GO.04.24.P	62	MammothCave.09.24	BC2	F8	164	CACCTTACCTTACCGTAAAACGACGGCCAG
CX.GO.04.24.M	63	MammothCave.09.24	BC2	G8	176	TCGTCAAACCCGCCGTAAAACGACGGCCAG
CX.GO.01.24.L	64	MammothCave.09.24	BC2	H8	188	TATGTGCCGGCTCCGTAAAACGACGGCCAG
EA.GO.03.24.1	65	MammothCave.09.24	BC2	A9	105	ATCTACCGAAGCCCGTAAAACGACGGCCAG
CX.GO.04.24.1	66	MammothCave.09.24	BC2	B9	117	CACTCATCATTCCCGTAAAACGACGGCCAG
CX.GO.04.24.H	67	MammothCave.09.24	BC2	C9	129	ATGCCATGCCGTCCGTAAAACGACGGCCAG
CX.GO.04.24.W	68	MammothCave.09.24	BC2	D9	141	GGTTATTTGGCGCCGTAAAACGACGGCCAG
CX.GO.01.24.1	69	MammothCave.09.24	BC2	E9	153	ACGGGTCATCATCCGTAAAACGACGGCCAG
CX.GO.04.24.L	70	MammothCave.09.24	BC2	F9	165	TTAACCTTCCTGCCGTAAAACGACGGCCAG
EA.GO.04.24.1	71	MammothCave.09.24	BC2	G9	177	TAATCGGTGCCACCGTAAAACGACGGCCAG
EA.GO.02.24.2	72	MammothCave.09.24	BC2	H9	189	TGGTCGCATCGTCCGTAAAACGACGGCCAG
CX.GO.01.24.H	73	MammothCave.09.24	BC2	A10	106	ACTTGGTGTAAGCCGTAAAACGACGGCCAG
BLK.EXT.MC.1	74	MammothCave.09.24	BC2	B10	118	GTATTTCGGACGCCGTAAAACGACGGCCAG
BLK.EXT.MC.2	75	MammothCave.09.24	BC2	C10	130	GACATTGTCACGCCGTAAAACGACGGCCAG
UNKN.1	-	MammothCave.09.24	BC2	D10	142	GGATCGTAATACCCGTAAAACGACGGCCAG
UNKN.2	-	MammothCave.09.24	BC2	E10	154	GAAACATCCCACCCGTAAAACGACGGCCAG
UNKN.3	-	MammothCave.09.24	BC2	F10	166	TGCCGTATGCCACCGTAAAACGACGGCCAG
UNKN.4	-	MammothCave.09.24	BC2	G10	178	TTGATCCGGTAGCCGTAAAACGACGGCCAG
UNKN.5	-	MammothCave.09.24	BC2	H10	190	TGTAAGACTTGGCCGTAAAACGACGGCCAG
UNKN.6	-	MammothCave.09.24	BC2	A11	108	TCACCTCCTTGTCCGTAAAACGACGGCCAG
UNKN.7	-	MammothCave.09.24	BC2	B11	119	TATCTATCCTGCCCGTAAAACGACGGCCAG
UNKN.8	-	MammothCave.09.24	BC2	C11	131	GCCAACAACCATCCGTAAAACGACGGCCAG
UNKN.9	-	MammothCave.09.24	BC2	D11	143	GCATAGCATCAACCGTAAAACGACGGCCAG
UNKN.10	-	MammothCave.09.24	BC2	E11	155	CGTACTCTCGAGCCGTAAAACGACGGCCAG
UNKN.11	-	MammothCave.09.24	BC2	F11	167	CGTGACAATAGTCCGTAAAACGACGGCCAG
EN.LC.02.24.1	76	MammothCave.09.24	BC2	G11	179	CGGGTGTTTGCTCCGTAAAACGACGGCCAG
EN.LC.01.24.2	77	MammothCave.09.24	BC2	H11	191	CGGATCTAGTGTCCGTAAAACGACGGCCAG
EP.LC.03.24.1	78	MammothCave.09.24	BC2	A12	108	TCACCTCCTTGTCCGTAAAACGACGGCCAG
EP.LC.02.24.1	79	MammothCave.09.24	BC2	B12	120	TTGCCAAGAGTCCCGTAAAACGACGGCCAG
EP.LC.01.24.1	80	MammothCave.09.24	BC2	C12	132	ATCAGTACTAGGCCGTAAAACGACGGCCAG
BP.LC.03.24.1	81	MammothCave.09.24	BC2	D12	144	GTGTTAGATGTGCCGTAAAACGACGGCCAG
BP.LC.02.24.1	82	MammothCave.09.24	BC2	E12	156	TCAGTTCTCGTTCCGTAAAACGACGGCCAG
BP.LC.01.24.1	83	MammothCave.09.24	BC2	F12	168	CGCTACAACTCGCCGTAAAACGACGGCCAG
ECOLI.POS.MC	-	MammothCave.09.24	BC2	G12	180	TTGACCGCGGTTCCGTAAAACGACGGCCAG
NEG.PCR.MC	-	MammothCave.09.24	BC2	H12	192	CGATCTTCGAGCCCGTAAAACGACGGCCAG
DH.24.01.FR	17	DeathHollow	BC3	A1	193	GTCGAATTTGCGCCGTAAAACGACGGCCAG
DH.24.02.SR	18	DeathHollow	BC3	B1	205	AGGGTGACTTTACCGTAAAACGACGGCCAG
DH.24.03.SR	19	DeathHollow	BC3	C1	217	CGTAGGTAGAGGCCGTAAAACGACGGCCAG
DH.24.04.FR	20	DeathHollow	BC3	D1	229	TTCTGAGAGGTACCGTAAAACGACGGCCAG
DH.24.05.SR	21	DeathHollow	BC3	E1	241	ATTGTTCCTACCCCGTAAAACGACGGCCAG
DH.24.06.FR	22	DeathHollow	BC3	F1	253	CTATCATCCTCACCGTAAAACGACGGCCAG
DH.24.07.SR	23	DeathHollow	BC3	G1	265	TTCCTAGGCCAGCCGTAAAACGACGGCCAG
DH.24.09.FR	24	DeathHollow	BC3	H1	277	GCCGTCTCGTAACCGTAAAACGACGGCCAG
DH.24.10.SR	25	DeathHollow	BC3	A2	194	GCATCAGAGTTACCGTAAAACGACGGCCAG
DH.24.11.FR	26	DeathHollow	BC3	B2	206	GACTTCATGCGACCGTAAAACGACGGCCAG
DH.24.12.SR	27	DeathHollow	BC3	C2	218	ATTTAGGACGACCCGTAAAACGACGGCCAG
DH.24.13.SR	28	DeathHollow	BC3	D2	230	ATCCCTACGGAACCGTAAAACGACGGCCAG
DH.24.14.FR	29	DeathHollow	BC3	E2	242	GCCGTAAACTTGCCGTAAAACGACGGCCAG
DH.24.15.FR	30	DeathHollow	BC3	F2	254	ACTCTAGCCGGTCCGTAAAACGACGGCCAG
DH.24.16.SR	31	DeathHollow	BC3	G2	266	ATTAAGCCTGGACCGTAAAACGACGGCCAG
BLK.EXT.DH.R	32	DeathHollow	BC3	H2	278	CTGGGTATCTCGCCGTAAAACGACGGCCAG
DH.24.03.NR	19-NORT	DeathHollow	BC3	A3	195	GTGGTCATCGTACCGTAAAACGACGGCCAG
DH.24.04.NR	20-NORT	DeathHollow	BC3	B3	207	GCCTGTCTGCAACCGTAAAACGACGGCCAG
DH.24.01.FD	17	DeathHollow	BC3	C3	219	GGATAGCCAAGGCCGTAAAACGACGGCCAG
DH.24.02.SD	18	DeathHollow	BC3	D3	231	GGTTCCATTAGGCCGTAAAACGACGGCCAG
DH.24.03.SD	19	DeathHollow	BC3	E3	243	GCAGATTTCCAGCCGTAAAACGACGGCCAG
DH.24.04.FD	20	DeathHollow	BC3	F3	255	CGATAGGCCTTACCGTAAAACGACGGCCAG
DH.24.05.SD	21	DeathHollow	BC3	G3	267	TGGCTTTCTATCCCGTAAAACGACGGCCAG
DH.24.06.FD	22	DeathHollow	BC3	H3	279	GACTACCCGTTGCCGTAAAACGACGGCCAG
DH.24.07.SD	23	DeathHollow	BC3	A4	196	CTGAAGGGCGAACCGTAAAACGACGGCCAG
DH.24.09.FD	24	DeathHollow	BC3	B4	208	ACTGATGGCCTCCCGTAAAACGACGGCCAG
DH.24.10.SD	25	DeathHollow	BC3	C4	220	TGGTTGGTTACGCCGTAAAACGACGGCCAG
DH.24.11.FD	26	DeathHollow	BC3	D4	232	GTGTTCCCAGAACCGTAAAACGACGGCCAG
DH.24.12.SD	27	DeathHollow	BC3	E4	244	AGATGATCAGTCCCGTAAAACGACGGCCAG
DH.24.13.SD	28	DeathHollow	BC3	F4	256	AATGACCTCGTGCCGTAAAACGACGGCCAG
DH.24.14.FD	29	DeathHollow	BC3	G4	268	ACAGCTCAAACACCGTAAAACGACGGCCAG
DH.24.15.FD	30	DeathHollow	BC3	H4	280	GCGTTGCAAACTCCGTAAAACGACGGCCAG
DH.24.16.SD	31	DeathHollow	BC3	A5	197	CGCTCACAGAATCCGTAAAACGACGGCCAG
BLK.EXT.DH.D	32	DeathHollow	BC3	B5	209	TTCGATGCCGCACCGTAAAACGACGGCCAG
ECOLI.POS.DH.D	-	DeathHollow	BC3	C5	221	GTCGTCCAAATGCCGTAAAACGACGGCCAG
NEG.PCR.DH.D	-	DeathHollow	BC3	D5	233	CCGAGGTATAATCCGTAAAACGACGGCCAG